age,marital_status,occupation,pet_ownership,unusual_knowledge,num_children,acres_owned,income,years_of_education,is_witch
55,Single,Farmer,1,1,3,42.0,1263,2,0
66,Single,Midwife,0,1,5,52.0,939,1,0
41,Single,Homemaker,1,1,5,43.0,1096,9,0
50,Widowed,Midwife,0,0,1,71.0,1225,14,0
47,Married,Midwife,0,0,6,1.0,1180,16,0
59,Married,Farmer,1,0,6,40.0,934,7,0
18,Married,Midwife,1,0,4,63.0,1078,17,0
61,Single,Homemaker,1,1,3,81.0,1215,3,0
56,Widowed,Homemaker,0,1,0,63.0,925,11,0
80,Single,Midwife,0,0,6,16.0,1043,16,0
74,Married,Farmer,0,0,4,15.0,793,8,0
28,Single,Farmer,1,1,9,81.0,896,15,0
45,Widowed,Merchant,1,0,1,79.0,907,18,0
35,Single,Farmer,0,1,7,27.0,1478,3,0
59,Single,Midwife,1,0,5,27.0,864,13,0
53,Widowed,Merchant,0,0,3,47.0,1270,4,0
42,Married,Homemaker,1,0,2,20.0,1396,9,0
47,Married,Merchant,0,1,1,17.0,1070,18,0
72,Widowed,Midwife,1,1,3,32.0,977,13,0
70,Married,Homemaker,0,0,6,27.0,810,2,0
78,Single,Midwife,0,1,5,93.0,540,20,0
41,Widowed,Farmer,0,0,7,7.0,820,3,0
25,Widowed,Farmer,1,0,9,1.0,1203,3,0
38,Single,Merchant,1,0,1,3.0,1001,14,0
65,Widowed,Merchant,0,0,0,40.0,816,2,0
76,Married,Farmer,0,1,6,32.0,1360,4,0
44,Single,Midwife,1,1,5,70.0,1103,18,0
41,Married,Midwife,1,1,4,60.0,1003,1,0
70,Widowed,Homemaker,0,0,2,37.0,1135,2,0
19,Widowed,Homemaker,0,1,4,30.0,1349,1,0
79,Single,Farmer,1,1,5,49.0,1068,7,0
69,Widowed,Midwife,1,1,1,25.0,725,8,0
67,Widowed,Homemaker,0,1,3,19.0,721,15,0
47,Married,Midwife,0,1,5,77.0,1245,18,0
19,Single,Midwife,1,1,1,34.0,954,6,0
37,Single,Midwife,0,0,5,98.0,1138,9,0
79,Married,Homemaker,0,1,3,56.0,858,13,0
75,Widowed,Midwife,1,1,4,16.0,1240,0,0
26,Married,Farmer,1,1,5,57.0,939,1,0
29,Widowed,Merchant,0,1,5,7.0,1025,8,0
51,Married,Merchant,1,0,1,47.0,714,14,0
35,Single,Farmer,0,0,5,4.0,1072,8,0
43,Single,Midwife,1,0,4,90.0,920,13,0
48,Single,Homemaker,1,1,6,98.0,1072,4,0
45,Single,Midwife,1,0,9,89.0,996,11,0
57,Widowed,Homemaker,1,1,8,83.0,948,9,0
21,Single,Farmer,0,0,8,42.0,756,18,0
25,Widowed,Merchant,0,0,5,97.0,1154,19,0
72,Single,Homemaker,0,1,1,69.0,1364,2,0
49,Single,Farmer,1,0,5,63.0,1017,20,0
18,Married,Farmer,0,0,8,20.0,943,13,0
51,Single,Merchant,1,1,4,9.0,689,12,0
22,Married,Merchant,1,0,3,86.0,908,18,0
68,Widowed,Merchant,0,1,0,100.0,1384,11,0
60,Widowed,Homemaker,0,1,1,40.0,961,15,0
30,Single,Merchant,1,0,9,45.0,648,18,0
37,Married,Homemaker,1,0,5,80.0,981,4,0
67,Single,Farmer,0,1,0,70.0,1058,6,0
72,Single,Merchant,1,0,3,51.0,1017,15,0
56,Widowed,Midwife,1,0,7,97.0,982,19,0
50,Married,Homemaker,1,1,3,65.0,769,6,0
38,Widowed,Midwife,0,0,3,60.0,1108,16,0
36,Widowed,Merchant,1,0,3,55.0,1256,10,0
25,Single,Merchant,0,1,1,87.0,1300,7,0
20,Single,Merchant,0,0,2,68.0,1038,10,0
78,Married,Homemaker,1,0,9,78.0,648,3,0
24,Married,Farmer,0,1,4,73.0,644,19,0
61,Married,Homemaker,1,0,5,84.0,629,14,0
39,Married,Farmer,0,1,3,48.0,1061,20,0
50,Widowed,Farmer,0,0,8,76.0,992,17,0
67,Married,Farmer,1,0,4,62.0,1040,19,0
69,Widowed,Merchant,0,0,2,44.0,1421,13,0
66,Single,Merchant,0,1,2,93.0,1084,1,0
25,Single,Homemaker,1,1,2,28.0,852,1,0
56,Married,Merchant,1,0,1,44.0,1030,14,0
63,Widowed,Merchant,0,1,5,15.0,858,15,0
19,Married,Merchant,1,0,7,24.0,1497,19,0
64,Married,Midwife,0,0,4,83.0,902,8,0
48,Single,Midwife,1,1,4,81.0,992,18,0
63,Married,Homemaker,0,1,8,83.0,940,9,0
62,Married,Homemaker,0,0,1,71.0,756,1,0
27,Single,Homemaker,0,1,1,25.0,1443,18,0
47,Single,Homemaker,1,0,7,37.0,1066,20,0
72,Married,Farmer,1,0,5,94.0,582,10,0
72,Married,Midwife,1,0,8,86.0,1118,5,0
49,Single,Farmer,0,1,0,77.0,1182,11,0
56,Widowed,Farmer,0,0,3,54.0,1019,13,0
59,Married,Homemaker,0,0,3,27.0,1057,16,0
69,Married,Homemaker,1,0,5,94.0,1182,12,0
48,Married,Merchant,0,1,0,2.0,1336,17,0
44,Single,Homemaker,1,0,5,2.0,1199,1,0
71,Widowed,Farmer,1,1,1,39.0,1130,1,0
54,Single,Farmer,0,0,3,14.0,1092,8,0
22,Married,Merchant,1,0,1,65.0,1513,11,0
20,Single,Farmer,1,1,9,11.0,907,4,0
42,Widowed,Homemaker,0,1,3,73.0,833,17,0
73,Widowed,Midwife,1,0,0,34.0,793,3,0
27,Single,Midwife,1,1,7,88.0,1267,12,0
29,Widowed,Farmer,0,1,2,79.0,1181,1,0
22,Widowed,Midwife,1,0,9,38.0,758,16,0
46,Widowed,Farmer,0,1,1,19.0,865,2,0
43,Widowed,Homemaker,1,0,0,82.0,1003,8,0
25,Widowed,Homemaker,1,0,0,8.0,1129,0,0
77,Single,Farmer,0,1,2,90.0,951,5,0
59,Widowed,Midwife,0,1,7,44.0,831,12,0
73,Married,Merchant,1,1,3,5.0,753,16,0
77,Single,Farmer,1,1,6,37.0,1053,6,0
74,Married,Homemaker,1,1,7,88.0,1173,7,0
43,Single,Merchant,0,0,3,49.0,1360,14,0
49,Single,Merchant,0,1,9,54.0,773,13,0
32,Widowed,Farmer,1,0,0,100.0,871,3,0
44,Married,Merchant,0,0,1,79.0,1086,10,0
20,Widowed,Merchant,0,1,8,4.0,1108,0,0
80,Widowed,Farmer,0,1,8,67.0,1195,9,0
38,Widowed,Merchant,1,0,4,5.0,1119,1,0
74,Married,Farmer,1,0,0,71.0,1282,4,0
25,Widowed,Homemaker,1,0,0,53.0,1443,14,0
68,Single,Midwife,0,1,7,44.0,1127,20,0
48,Single,Homemaker,1,1,3,66.0,762,7,0
45,Single,Farmer,1,1,9,43.0,1365,14,0
34,Married,Homemaker,1,0,6,60.0,998,4,0
73,Single,Homemaker,0,1,6,43.0,1054,11,0
39,Widowed,Homemaker,0,0,9,41.0,816,3,0
38,Single,Merchant,0,1,7,88.0,1379,17,0
43,Widowed,Farmer,1,0,1,45.0,721,0,0
58,Married,Midwife,0,1,7,75.0,877,14,0
60,Single,Midwife,1,1,3,52.0,462,12,0
76,Widowed,Homemaker,1,0,4,45.0,952,2,0
63,Widowed,Homemaker,1,1,4,10.0,1274,13,0
48,Widowed,Farmer,0,0,1,10.0,1118,11,0
34,Married,Midwife,0,0,0,57.0,1217,0,0
32,Widowed,Midwife,0,0,1,59.0,842,6,0
27,Married,Homemaker,0,0,8,35.0,1061,9,0
79,Widowed,Homemaker,1,1,5,95.0,1033,0,0
37,Single,Farmer,1,1,4,85.0,1181,14,0
19,Widowed,Farmer,0,0,3,32.0,612,13,0
30,Widowed,Farmer,1,1,8,88.0,1082,1,0
23,Widowed,Merchant,0,1,5,94.0,565,9,0
19,Single,Merchant,0,0,8,58.0,661,6,0
27,Married,Midwife,0,1,1,90.0,825,12,0
67,Widowed,Farmer,0,0,2,37.0,730,18,0
72,Married,Homemaker,1,1,9,18.0,918,2,0
20,Single,Homemaker,0,0,5,30.0,1274,11,0
27,Widowed,Midwife,0,1,2,44.0,1069,8,0
34,Widowed,Midwife,1,1,0,2.0,1035,13,0
77,Widowed,Homemaker,1,0,1,45.0,840,9,0
74,Single,Homemaker,0,0,8,56.0,676,15,0
56,Single,Merchant,1,0,9,97.0,1158,2,0
62,Single,Homemaker,1,0,7,15.0,960,2,0
58,Widowed,Midwife,1,1,2,92.0,780,7,0
42,Widowed,Farmer,1,1,8,30.0,1426,20,0
20,Married,Merchant,1,1,2,20.0,806,5,0
25,Single,Farmer,0,0,7,68.0,990,4,0
70,Widowed,Merchant,0,1,0,58.0,894,5,0
53,Single,Homemaker,0,0,4,67.0,1063,1,0
77,Widowed,Homemaker,0,0,9,1.0,1149,19,0
25,Widowed,Midwife,0,0,5,51.0,1110,1,0
30,Married,Midwife,0,1,2,19.0,853,16,0
54,Single,Farmer,0,1,8,45.0,1224,11,0
70,Widowed,Merchant,0,0,4,79.0,1116,8,0
45,Married,Homemaker,0,1,6,44.0,1317,7,0
75,Widowed,Homemaker,0,0,9,24.0,720,17,0
34,Married,Homemaker,1,0,1,94.0,831,0,0
48,Widowed,Merchant,0,1,4,95.0,1099,9,0
26,Single,Farmer,1,1,6,33.0,1003,5,0
38,Married,Homemaker,0,1,0,33.0,938,15,0
79,Married,Merchant,0,1,4,89.0,1013,7,0
58,Married,Homemaker,1,0,2,34.0,916,10,0
49,Single,Midwife,0,0,3,45.0,1121,3,0
47,Single,Midwife,0,1,7,84.0,1133,4,0
77,Widowed,Farmer,1,1,1,4.0,1106,8,0
75,Married,Midwife,1,0,3,92.0,939,8,0
21,Widowed,Midwife,1,0,5,59.0,679,12,0
28,Widowed,Merchant,1,1,4,89.0,1130,18,0
52,Single,Midwife,0,1,3,48.0,1014,16,0
18,Widowed,Farmer,0,0,0,37.0,1034,1,0
43,Single,Merchant,0,0,9,12.0,1006,16,0
53,Married,Farmer,1,0,3,17.0,1160,11,0
78,Single,Homemaker,0,1,8,1.0,1179,1,0
54,Married,Farmer,1,1,0,93.0,906,10,0
34,Widowed,Farmer,1,1,7,40.0,1028,10,0
74,Widowed,Homemaker,1,1,8,48.0,1209,17,0
59,Single,Farmer,1,1,0,83.0,1334,19,0
34,Single,Farmer,0,1,7,90.0,984,10,0
79,Married,Homemaker,1,1,5,69.0,1047,12,0
80,Widowed,Homemaker,1,0,5,13.0,736,14,0
46,Single,Homemaker,0,0,1,60.0,1061,7,0
62,Single,Midwife,0,1,6,29.0,1247,2,0
73,Married,Homemaker,1,1,7,89.0,873,12,0
49,Widowed,Farmer,1,0,5,76.0,969,6,0
75,Married,Merchant,1,1,4,37.0,861,9,0
72,Single,Homemaker,1,1,4,71.0,1189,16,0
64,Single,Merchant,0,1,6,66.0,1071,9,0
39,Married,Homemaker,1,0,0,3.0,709,3,0
39,Married,Midwife,1,0,8,86.0,785,14,0
25,Widowed,Midwife,1,0,4,23.0,971,7,0
64,Single,Farmer,1,0,2,30.0,1021,1,0
38,Married,Midwife,1,1,9,31.0,1105,3,0
26,Single,Merchant,1,0,9,85.0,1115,16,0
70,Widowed,Midwife,0,0,5,84.0,1252,13,0
73,Married,Merchant,0,1,8,84.0,1011,6,0
25,Widowed,Homemaker,0,1,1,32.0,1243,11,0
70,Single,Merchant,0,1,9,66.0,767,2,0
70,Married,Merchant,0,0,6,36.0,912,11,0
75,Widowed,Homemaker,0,0,2,17.0,1122,9,0
37,Widowed,Farmer,0,1,8,12.0,831,15,0
78,Single,Farmer,0,1,3,5.0,1114,14,0
63,Widowed,Merchant,0,1,2,77.0,993,4,0
35,Widowed,Farmer,1,1,4,57.0,1243,9,0
23,Widowed,Farmer,1,1,9,2.0,1085,2,0
62,Widowed,Merchant,0,1,9,70.0,1078,18,0
39,Widowed,Farmer,1,0,7,49.0,1129,19,0
66,Widowed,Merchant,1,0,1,55.0,831,8,0
43,Married,Midwife,1,0,1,37.0,936,18,0
68,Married,Midwife,0,1,0,7.0,914,16,0
51,Widowed,Farmer,0,1,0,86.0,1088,14,0
75,Single,Farmer,0,0,5,71.0,1226,4,0
68,Single,Midwife,1,1,3,12.0,722,4,0
61,Married,Midwife,1,1,7,41.0,912,1,0
69,Married,Farmer,1,1,5,46.0,1098,14,0
24,Widowed,Merchant,1,1,6,71.0,957,1,0
28,Single,Merchant,1,0,9,95.0,1023,9,0
78,Widowed,Merchant,1,1,2,52.0,578,9,0
43,Single,Midwife,0,1,9,35.0,1193,17,0
18,Single,Merchant,1,1,1,10.0,922,16,0
39,Single,Merchant,1,1,5,5.0,1272,1,0
44,Widowed,Merchant,0,0,4,85.0,996,6,0
30,Married,Merchant,0,1,9,76.0,525,10,0
43,Widowed,Midwife,1,1,5,35.0,1183,16,0
56,Widowed,Homemaker,1,0,2,39.0,1211,19,0
47,Single,Merchant,1,0,7,30.0,802,8,0
34,Married,Merchant,0,1,1,80.0,949,18,0
60,Widowed,Homemaker,1,1,0,90.0,1148,18,0
80,Widowed,Merchant,0,0,7,90.0,734,3,0
39,Married,Farmer,1,1,7,46.0,1126,2,0
66,Single,Midwife,1,1,6,19.0,1302,20,0
25,Married,Farmer,0,1,9,26.0,998,7,0
75,Married,Merchant,1,1,6,4.0,970,0,0
26,Widowed,Homemaker,0,0,2,46.0,1327,3,0
64,Widowed,Midwife,1,1,6,74.0,723,5,0
20,Married,Midwife,0,0,1,4.0,1052,14,0
67,Married,Homemaker,1,0,3,11.0,1085,2,0
62,Single,Merchant,0,1,9,51.0,786,17,0
69,Widowed,Homemaker,0,0,4,25.0,566,19,0
51,Widowed,Merchant,0,1,9,75.0,1046,19,0
80,Widowed,Midwife,0,1,6,62.0,1166,16,0
64,Married,Homemaker,0,0,0,93.0,1150,4,0
70,Single,Farmer,1,1,8,62.0,643,20,0
40,Single,Farmer,1,1,9,57.0,1203,14,0
22,Widowed,Merchant,1,1,9,96.0,1058,20,0
39,Widowed,Homemaker,1,1,0,45.0,981,15,0
54,Widowed,Homemaker,0,1,6,97.0,886,16,0
31,Married,Farmer,0,0,8,39.0,781,3,0
59,Single,Homemaker,1,1,5,36.0,862,6,0
18,Married,Farmer,1,0,1,44.0,1343,4,0
40,Single,Merchant,1,0,7,42.0,1060,18,0
72,Single,Farmer,1,1,0,64.0,1049,18,0
60,Widowed,Farmer,0,0,3,88.0,1083,12,0
37,Married,Merchant,1,1,8,33.0,1254,18,0
58,Single,Homemaker,0,0,7,7.0,1125,6,0
33,Married,Midwife,1,0,1,12.0,1064,12,0
38,Single,Farmer,0,0,7,16.0,1174,9,0
31,Single,Farmer,1,1,2,64.0,1034,6,0
29,Single,Midwife,1,1,0,74.0,829,11,0
49,Widowed,Farmer,0,1,1,93.0,942,1,0
70,Widowed,Homemaker,0,0,2,81.0,1392,18,0
49,Widowed,Merchant,0,0,6,12.0,868,3,0
36,Widowed,Midwife,1,0,2,72.0,1227,0,0
77,Widowed,Farmer,0,0,9,93.0,1006,17,0
44,Married,Farmer,1,0,9,30.0,1329,8,0
41,Single,Homemaker,0,0,0,84.0,931,11,0
53,Widowed,Merchant,1,0,6,50.0,952,7,0
77,Married,Farmer,0,0,8,62.0,1083,16,0
32,Single,Farmer,1,1,4,1.0,1013,2,0
73,Widowed,Farmer,0,0,6,37.0,846,3,0
78,Widowed,Merchant,1,1,7,39.0,930,15,0
29,Single,Homemaker,0,0,5,42.0,1107,6,0
41,Single,Merchant,0,1,8,36.0,848,1,0
49,Married,Homemaker,0,1,6,59.0,867,2,0
61,Single,Farmer,1,0,8,71.0,700,6,0
58,Single,Midwife,0,0,5,90.0,725,15,0
72,Married,Midwife,1,0,8,41.0,824,9,0
51,Widowed,Midwife,1,1,1,59.0,1020,20,0
47,Married,Farmer,0,0,0,42.0,878,3,0
37,Married,Merchant,1,1,2,50.0,868,9,0
74,Married,Farmer,1,0,7,60.0,973,0,0
28,Widowed,Farmer,1,1,1,45.0,1318,0,0
50,Widowed,Merchant,1,0,3,29.0,1066,14,0
70,Married,Farmer,1,0,8,81.0,1064,16,0
18,Widowed,Farmer,0,0,7,74.0,1086,6,0
34,Married,Farmer,1,0,2,80.0,1132,12,0
46,Married,Merchant,1,0,7,70.0,1022,4,0
42,Single,Merchant,0,0,2,74.0,771,3,0
42,Married,Farmer,1,0,6,83.0,822,6,0
32,Married,Merchant,0,0,4,0.0,837,5,0
57,Married,Merchant,0,1,4,56.0,769,19,0
80,Single,Midwife,0,1,6,2.0,662,12,0
55,Single,Farmer,0,1,3,39.0,1037,18,0
27,Widowed,Merchant,0,0,0,26.0,645,8,0
50,Married,Midwife,0,1,9,89.0,1229,20,0
19,Married,Farmer,0,0,2,66.0,1219,13,0
46,Widowed,Farmer,0,1,8,31.0,1052,19,0
26,Single,Merchant,0,0,8,68.0,961,3,0
72,Single,Farmer,0,1,3,53.0,817,10,0
76,Single,Farmer,0,0,2,95.0,1064,4,0
48,Widowed,Midwife,0,0,9,62.0,1270,17,0
48,Single,Merchant,1,1,0,62.0,1254,8,0
20,Widowed,Homemaker,1,1,3,55.0,1062,5,0
38,Married,Merchant,1,0,8,74.0,901,19,0
32,Widowed,Farmer,1,1,1,57.0,1202,9,0
40,Married,Midwife,0,0,6,61.0,808,20,0
79,Single,Homemaker,1,1,0,9.0,1058,16,0
24,Married,Farmer,0,1,7,75.0,927,13,0
75,Widowed,Merchant,0,0,0,83.0,1171,8,0
24,Married,Farmer,0,1,2,18.0,1191,7,0
35,Married,Farmer,0,0,1,22.0,820,0,0
40,Widowed,Midwife,0,0,6,46.0,979,6,0
22,Married,Midwife,1,0,5,55.0,1032,4,0
78,Married,Farmer,1,1,2,21.0,1216,15,0
66,Single,Merchant,0,0,8,27.0,971,14,0
71,Married,Farmer,0,1,4,94.0,1098,20,0
73,Widowed,Merchant,0,1,4,55.0,831,14,0
55,Married,Midwife,0,0,2,6.0,1169,17,0
37,Widowed,Merchant,0,0,2,90.0,850,16,0
55,Married,Farmer,0,1,4,37.0,862,18,0
58,Married,Midwife,1,1,8,97.0,983,19,0
69,Single,Homemaker,0,1,5,57.0,997,18,0
46,Single,Homemaker,0,0,3,84.0,751,20,0
71,Married,Merchant,0,1,6,46.0,715,6,0
66,Widowed,Farmer,1,0,6,42.0,929,1,0
33,Widowed,Homemaker,1,1,9,43.0,1356,12,0
38,Married,Merchant,1,1,2,20.0,967,11,0
25,Single,Merchant,1,0,9,46.0,786,3,0
61,Widowed,Homemaker,0,0,0,84.0,1092,5,0
56,Single,Farmer,0,0,0,54.0,1131,5,0
76,Widowed,Midwife,1,0,8,94.0,652,16,0
69,Married,Homemaker,0,0,8,80.0,1072,18,0
19,Widowed,Merchant,0,0,1,25.0,783,14,0
48,Married,Merchant,0,0,7,82.0,1309,9,0
43,Married,Homemaker,1,0,0,74.0,1082,5,0
56,Single,Farmer,1,0,1,39.0,1036,13,0
68,Married,Midwife,1,1,1,75.0,992,2,0
71,Single,Midwife,1,1,4,64.0,980,1,0
77,Married,Homemaker,0,0,5,90.0,1082,4,0
58,Single,Midwife,1,0,6,99.0,1238,2,0
22,Widowed,Midwife,1,1,8,94.0,1250,2,0
70,Widowed,Merchant,1,0,7,44.0,1229,18,0
67,Married,Farmer,1,0,1,8.0,1248,19,0
18,Married,Midwife,1,1,7,85.0,977,2,0
58,Single,Merchant,0,0,0,57.0,1419,4,0
68,Single,Homemaker,1,1,8,65.0,885,6,0
31,Single,Midwife,0,1,8,19.0,1055,14,0
41,Married,Farmer,0,1,5,16.0,751,13,0
74,Widowed,Midwife,1,1,8,25.0,647,3,0
48,Married,Midwife,1,1,1,67.0,1219,12,0
73,Widowed,Merchant,1,1,3,78.0,961,4,0
28,Married,Midwife,1,0,9,92.0,760,8,0
34,Single,Merchant,1,1,9,61.0,997,14,0
38,Single,Homemaker,1,1,2,23.0,828,4,0
50,Single,Homemaker,0,1,8,86.0,1072,12,0
63,Widowed,Homemaker,1,0,9,41.0,1473,17,0
71,Single,Merchant,0,0,0,57.0,1069,20,0
62,Widowed,Midwife,1,0,7,22.0,774,15,0
25,Married,Farmer,1,0,1,5.0,1172,20,0
49,Married,Farmer,1,1,0,71.0,1274,17,0
33,Widowed,Merchant,0,0,0,45.0,1345,12,0
38,Widowed,Merchant,1,0,4,92.0,973,3,0
76,Married,Merchant,0,0,1,6.0,779,20,0
46,Single,Midwife,0,1,6,73.0,1215,18,0
50,Single,Merchant,1,0,2,34.0,1049,19,0
34,Single,Homemaker,1,0,6,72.0,700,20,0
69,Single,Merchant,1,1,4,2.0,1076,17,0
65,Widowed,Farmer,1,0,4,0.0,1323,2,0
33,Widowed,Homemaker,1,0,5,76.0,1053,8,0
67,Widowed,Merchant,0,1,5,18.0,870,20,0
74,Single,Farmer,0,0,0,95.0,1337,19,0
47,Widowed,Homemaker,0,0,1,21.0,1087,11,0
67,Single,Farmer,1,1,0,80.0,999,14,0
59,Single,Farmer,0,1,1,100.0,1201,1,0
80,Married,Midwife,1,1,9,4.0,983,15,0
69,Married,Farmer,0,0,9,33.0,1094,10,0
69,Married,Farmer,1,1,4,62.0,1013,8,0
64,Widowed,Midwife,0,1,3,95.0,1124,20,0
24,Married,Farmer,1,1,3,22.0,967,16,0
42,Married,Homemaker,0,0,4,81.0,1097,10,0
46,Widowed,Farmer,1,1,5,73.0,895,7,0
18,Widowed,Merchant,0,0,6,64.0,988,20,0
75,Single,Farmer,0,0,2,45.0,941,3,0
25,Single,Homemaker,0,1,1,0.0,1082,9,0
50,Single,Midwife,0,0,4,75.0,333,5,0
42,Single,Midwife,0,1,5,23.0,907,6,0
60,Married,Homemaker,1,0,9,43.0,1170,7,0
41,Married,Midwife,1,0,9,90.0,1177,11,0
49,Married,Midwife,0,0,1,66.0,589,19,0
25,Married,Homemaker,1,0,6,70.0,784,16,0
76,Single,Midwife,0,0,9,69.0,741,19,0
80,Single,Merchant,1,0,4,33.0,1015,9,0
23,Married,Midwife,1,0,0,77.0,1220,20,0
39,Married,Homemaker,1,0,8,79.0,1025,5,0
28,Married,Merchant,0,1,4,45.0,1061,7,0
33,Single,Farmer,1,1,4,30.0,985,14,0
60,Widowed,Homemaker,0,1,2,93.0,840,8,0
44,Widowed,Homemaker,0,0,8,92.0,1236,18,0
37,Married,Midwife,1,1,5,38.0,920,10,0
28,Single,Homemaker,1,0,6,55.0,1078,11,0
43,Widowed,Merchant,1,0,9,85.0,873,17,0
76,Married,Midwife,0,1,1,16.0,788,13,0
35,Married,Homemaker,0,0,0,32.0,752,5,0
39,Widowed,Midwife,0,1,2,4.0,885,13,0
19,Married,Homemaker,1,0,0,41.0,829,16,0
37,Widowed,Farmer,1,0,2,99.0,756,18,0
70,Single,Farmer,1,1,7,41.0,1327,17,0
28,Single,Midwife,0,0,0,92.0,689,19,0
34,Widowed,Farmer,1,0,2,94.0,1237,11,0
42,Single,Homemaker,0,0,2,88.0,1032,17,0
26,Single,Homemaker,1,1,2,54.0,1051,14,0
32,Widowed,Farmer,0,0,6,82.0,829,2,0
26,Widowed,Merchant,0,0,9,47.0,1228,3,0
22,Single,Midwife,1,0,4,41.0,1139,8,0
63,Widowed,Farmer,1,0,7,8.0,889,6,0
78,Single,Midwife,1,0,8,50.0,1097,8,0
70,Single,Merchant,0,0,3,64.0,997,16,0
48,Single,Merchant,0,0,1,81.0,885,12,0
20,Single,Homemaker,0,1,7,65.0,935,9,0
70,Single,Merchant,1,1,0,48.0,1098,0,0
73,Married,Merchant,1,0,2,43.0,1349,6,0
49,Widowed,Farmer,0,0,9,68.0,796,18,0
37,Widowed,Homemaker,0,0,1,87.0,1214,16,0
36,Married,Merchant,0,1,8,6.0,1241,0,0
30,Single,Merchant,0,0,1,63.0,712,2,0
36,Married,Merchant,0,1,5,85.0,1223,15,0
55,Widowed,Midwife,0,1,4,38.0,911,20,0
23,Married,Merchant,1,1,1,73.0,832,8,0
47,Single,Merchant,1,1,3,47.0,1048,4,0
27,Married,Farmer,0,1,7,81.0,659,19,0
74,Married,Farmer,0,0,4,64.0,1148,1,0
70,Widowed,Midwife,0,1,5,64.0,1033,4,0
18,Widowed,Homemaker,0,0,4,68.0,1041,16,0
66,Single,Homemaker,1,0,7,90.0,972,16,0
57,Single,Farmer,1,0,2,16.0,1112,3,0
33,Widowed,Farmer,0,1,7,90.0,1265,3,0
20,Married,Merchant,1,0,6,80.0,1142,9,0
39,Single,Midwife,1,1,7,21.0,1203,20,0
50,Married,Midwife,1,0,7,84.0,964,20,0
61,Single,Homemaker,0,0,4,50.0,1103,14,0
33,Widowed,Homemaker,0,0,0,0.0,1241,18,0
59,Single,Merchant,0,0,9,32.0,1489,4,0
36,Widowed,Homemaker,1,1,5,26.0,742,8,0
21,Single,Farmer,0,1,2,66.0,864,11,0
54,Widowed,Midwife,1,0,6,73.0,928,11,0
50,Married,Midwife,1,0,1,32.0,790,18,0
42,Married,Farmer,0,1,1,32.0,738,6,0
67,Single,Homemaker,1,1,2,58.0,1190,19,0
44,Married,Midwife,1,0,2,98.0,914,8,0
27,Married,Merchant,0,1,3,3.0,919,3,0
55,Single,Farmer,0,1,5,9.0,1059,6,0
26,Single,Farmer,1,0,6,86.0,1116,1,0
50,Married,Homemaker,1,1,2,0.0,1046,9,0
20,Single,Homemaker,1,0,8,90.0,1033,5,0
61,Married,Merchant,0,0,4,46.0,1044,14,0
18,Single,Farmer,1,1,8,65.0,678,20,0
54,Widowed,Farmer,0,1,3,44.0,982,12,0
33,Single,Merchant,1,0,1,82.0,930,13,0
61,Single,Homemaker,1,0,2,28.0,1297,0,0
52,Married,Merchant,0,0,7,87.0,1480,10,0
57,Married,Homemaker,0,1,4,24.0,825,3,0
79,Single,Homemaker,1,1,6,18.0,1073,3,0
43,Widowed,Homemaker,0,1,5,3.0,1042,1,0
30,Single,Homemaker,1,0,0,62.0,922,3,0
44,Single,Midwife,1,0,6,12.0,763,14,0
43,Single,Midwife,0,1,8,32.0,904,11,0
23,Single,Homemaker,1,1,2,60.0,774,10,0
44,Widowed,Midwife,1,1,4,16.0,1010,13,0
23,Single,Homemaker,0,0,6,32.0,970,13,0
58,Single,Midwife,1,1,6,6.0,911,15,0
28,Single,Merchant,0,0,4,57.0,906,19,0
58,Single,Homemaker,1,0,7,52.0,928,13,0
57,Single,Homemaker,1,1,8,79.0,1148,16,0
55,Single,Homemaker,0,0,6,61.0,874,6,0
68,Widowed,Midwife,0,0,8,95.0,1062,13,0
63,Widowed,Farmer,1,0,1,93.0,623,3,0
33,Married,Farmer,1,0,5,95.0,857,6,0
24,Widowed,Homemaker,1,1,0,50.0,1299,2,0
73,Single,Midwife,1,0,3,62.0,1196,17,0
62,Married,Merchant,1,0,4,54.0,997,16,0
55,Single,Farmer,0,0,2,31.0,836,19,0
48,Married,Homemaker,1,1,3,93.0,955,17,0
26,Widowed,Homemaker,1,0,8,44.0,938,18,0
75,Widowed,Homemaker,1,0,3,11.0,1307,4,0
66,Widowed,Farmer,0,0,4,97.0,979,2,0
64,Widowed,Homemaker,0,0,5,69.0,1134,13,0
74,Single,Farmer,1,0,6,3.0,1128,5,0
28,Widowed,Homemaker,0,1,2,71.0,1217,12,0
24,Single,Midwife,0,1,5,98.0,1234,15,0
22,Widowed,Farmer,0,0,5,5.0,725,15,0
56,Widowed,Farmer,0,0,1,71.0,1165,16,0
43,Married,Farmer,0,0,1,76.0,1029,17,0
78,Widowed,Farmer,0,0,4,26.0,1149,0,0
66,Single,Homemaker,1,0,5,12.0,994,14,0
59,Widowed,Midwife,0,0,8,42.0,1228,4,0
62,Widowed,Farmer,1,1,6,107.24725886182645,622,3,1
67,Married,Farmer,1,0,6,79.77805261205475,1238,15,1
68,Married,Merchant,1,1,6,134.66651863342278,700,3,1
78,Widowed,Homemaker,0,1,3,68.0,971,3,1
63,Married,Midwife,0,0,8,55.39530245235349,741,6,1
79,Widowed,Farmer,0,0,1,95.0,1025,12,1
50,Widowed,Farmer,0,0,1,14.0,1190,7,1
18,Single,Merchant,0,1,3,92.0,964,5,1
58,Single,Homemaker,0,0,2,30.0,1025,16,1
44,Single,Midwife,0,0,1,36.0,950,1,1
53,Married,Farmer,0,0,1,86.0,1210,6,1
34,Single,Homemaker,0,1,0,18.0,1222,11,1
19,Married,Farmer,0,1,6,127.81227036341977,1044,0,1
48,Married,Midwife,0,0,3,86.0,742,0,1
80,Married,Midwife,1,0,6,60.3849237266553,733,17,1
45,Widowed,Merchant,0,1,3,66.0,937,0,1
36,Single,Homemaker,1,1,6,138.41889674743618,854,10,1
36,Widowed,Midwife,1,0,6,109.96821473941012,1121,15,1
20,Widowed,Midwife,1,0,2,91.0,1132,4,1
27,Widowed,Midwife,1,0,8,33.880403501854296,791,12,1
68,Married,Midwife,0,0,0,32.0,914,19,1
32,Widowed,Homemaker,0,0,2,12.0,827,15,1
64,Married,Homemaker,1,0,7,54.81487389606812,780,11,1
74,Married,Merchant,0,0,9,79.48748351301315,662,20,1
44,Widowed,Merchant,0,1,4,24.0,929,5,1
45,Single,Farmer,0,1,0,13.0,589,7,1
21,Single,Merchant,1,1,0,71.0,770,9,1
54,Widowed,Homemaker,1,1,3,16.0,887,2,1
36,Married,Merchant,1,0,9,45.678464305319444,973,4,1
79,Widowed,Midwife,0,0,2,80.0,1008,0,1
51,Single,Homemaker,0,1,2,71.0,748,10,1
18,Single,Merchant,1,1,1,96.0,708,7,1
54,Married,Midwife,1,1,9,47.34036112997537,1076,2,1
77,Widowed,Farmer,1,1,0,33.0,689,8,1
71,Single,Farmer,0,1,9,101.422581924094,1071,9,1
38,Widowed,Farmer,1,0,1,49.0,626,5,1
32,Single,Merchant,0,1,2,99.0,820,4,1
32,Single,Farmer,1,0,1,4.0,1064,0,1
80,Single,Midwife,1,1,6,118.97548363304867,810,8,1
20,Widowed,Merchant,1,1,3,20.0,850,6,1
75,Married,Farmer,1,0,9,136.5177550455561,538,10,1
47,Married,Farmer,0,1,6,90.45104696555345,673,10,1
32,Widowed,Merchant,1,1,6,77.9765146940827,1009,8,1
78,Single,Homemaker,1,0,6,120.73501183725769,790,0,1
45,Widowed,Midwife,1,1,7,92.2117150892148,1113,7,1
41,Single,Merchant,0,0,6,120.79193926488057,953,18,1
79,Married,Merchant,0,1,1,12.0,1383,5,1
48,Married,Homemaker,0,0,7,105.55665385770757,905,3,1
63,Widowed,Merchant,0,0,4,27.0,917,10,1
22,Single,Midwife,1,0,1,31.0,1021,7,1
62,Widowed,Midwife,0,0,0,52.0,1280,3,1
69,Single,Farmer,1,1,7,45.1144808870321,467,6,1
71,Single,Midwife,1,1,5,26.0,1189,4,1
39,Widowed,Midwife,1,0,2,37.0,904,7,1
22,Single,Homemaker,0,1,2,90.0,1270,2,1
28,Single,Merchant,0,0,0,44.0,1053,18,1
61,Widowed,Midwife,1,0,1,17.0,919,20,1
66,Married,Farmer,0,1,8,50.33362033542113,709,9,1
68,Single,Midwife,1,0,6,75.01859702505539,1009,1,1
54,Widowed,Merchant,0,0,5,14.0,1280,13,1
22,Widowed,Farmer,0,1,9,135.53521418435417,1197,2,1
30,Widowed,Merchant,0,0,8,131.04812009553345,839,2,1
69,Widowed,Homemaker,0,0,1,59.0,1139,8,1
57,Married,Homemaker,1,1,8,99.23322079052426,840,4,1
73,Single,Merchant,1,1,4,38.0,945,3,1
23,Single,Midwife,0,0,9,45.08436476022355,759,13,1
59,Widowed,Farmer,0,1,6,25.030611155489336,938,4,1
22,Widowed,Merchant,0,1,6,73.53498098733427,1257,7,1
40,Married,Midwife,1,1,2,62.0,1151,8,1
60,Widowed,Farmer,1,1,2,40.0,1080,3,1
42,Married,Merchant,1,1,2,80.0,758,8,1
50,Married,Homemaker,0,0,9,56.27293011541139,863,17,1
20,Single,Homemaker,1,1,4,77.0,1045,3,1
35,Single,Farmer,1,1,8,110.52255485846071,599,4,1
25,Married,Midwife,0,1,8,132.5236191848693,1082,5,1
26,Single,Farmer,1,0,0,67.0,786,14,1
47,Single,Homemaker,1,0,1,77.0,1179,1,1
65,Married,Homemaker,1,0,5,74.0,671,16,1
32,Married,Merchant,0,1,1,99.0,1136,5,1
72,Widowed,Merchant,0,1,8,44.13558564302852,709,2,1
57,Married,Farmer,0,0,5,95.0,1240,17,1
28,Married,Farmer,1,0,3,73.0,936,15,1
22,Widowed,Midwife,1,0,3,32.0,571,6,1
34,Single,Farmer,0,1,3,46.0,936,7,1
43,Widowed,Homemaker,1,0,7,36.32641067110825,977,12,1
39,Widowed,Farmer,0,1,6,58.7296612132679,1082,11,1
49,Widowed,Midwife,1,0,7,91.60006428538051,1116,16,1
53,Married,Homemaker,0,1,6,72.56344734431444,648,3,1
50,Married,Midwife,1,0,2,6.0,1000,17,1
33,Widowed,Farmer,1,0,7,96.59105739762897,1061,20,1
49,Widowed,Midwife,0,0,2,63.0,774,14,1
19,Married,Farmer,1,0,6,98.94287765416396,1290,8,1
68,Single,Homemaker,0,1,7,73.92418313375022,757,8,1
76,Married,Midwife,1,0,8,69.51776736249758,1153,15,1
57,Widowed,Homemaker,0,0,0,33.0,1065,1,1
32,Widowed,Homemaker,1,0,1,4.0,825,6,1
57,Widowed,Midwife,0,1,4,40.0,1163,2,1
71,Married,Merchant,1,0,2,83.0,903,16,1
47,Single,Midwife,0,1,5,81.0,888,5,1
66,Single,Merchant,1,1,1,81.0,868,0,1
75,Single,Merchant,1,1,0,42.0,707,1,1
22,Married,Merchant,1,1,4,68.0,489,2,1
34,Married,Merchant,1,1,1,94.0,585,7,1
49,Single,Merchant,1,0,8,123.38305414470346,881,15,1
79,Widowed,Midwife,1,0,3,23.0,1059,4,1
65,Single,Homemaker,0,1,8,118.94032074816451,758,4,1
70,Widowed,Midwife,1,1,9,32.153810852938996,679,9,1
28,Single,Farmer,0,1,0,33.0,1154,6,1
54,Widowed,Homemaker,0,1,7,111.70079094974335,1455,0,1
54,Single,Merchant,1,1,3,81.0,780,4,1
44,Single,Homemaker,0,0,3,10.0,1202,14,1
49,Widowed,Midwife,0,0,0,77.0,1038,10,1
30,Single,Homemaker,0,1,7,106.63040319420953,1351,8,1
75,Widowed,Merchant,1,0,2,5.0,1113,14,1
56,Single,Midwife,1,1,7,27.870717278246232,1259,1,1
67,Married,Merchant,1,0,1,75.0,982,10,1
31,Single,Midwife,0,0,0,19.0,649,10,1
28,Married,Midwife,1,1,2,37.0,965,6,1
58,Married,Homemaker,0,1,3,91.0,1015,7,1
74,Single,Farmer,1,0,1,93.0,839,10,1
25,Single,Midwife,0,1,8,130.8050741531429,1063,3,1
45,Single,Midwife,0,1,9,50.928538058639305,1201,1,1
43,Single,Merchant,1,0,1,25.0,1089,0,1
56,Married,Farmer,1,1,4,56.0,789,3,1
24,Single,Homemaker,1,0,5,9.0,932,20,1
48,Married,Midwife,0,1,7,43.77453786983096,707,10,1
23,Widowed,Homemaker,0,0,0,27.0,1068,1,1
54,Single,Merchant,1,1,9,56.17987115241606,1014,3,1
56,Widowed,Homemaker,0,1,6,112.80687845213379,1200,7,1
31,Single,Merchant,0,0,9,32.61489066585868,1029,4,1
39,Widowed,Merchant,1,0,3,19.0,679,9,1
24,Married,Merchant,0,1,8,56.30991060451456,829,3,1
47,Widowed,Merchant,1,1,3,28.0,473,0,1
78,Widowed,Farmer,1,0,3,97.0,1032,1,1
55,Widowed,Merchant,0,0,9,91.08530284558027,832,1,1
38,Widowed,Homemaker,1,0,5,41.0,492,15,1
22,Married,Homemaker,0,1,0,85.0,1203,0,1
45,Married,Merchant,0,1,1,21.0,841,2,1
35,Single,Homemaker,0,0,5,38.0,1251,1,1
70,Married,Homemaker,1,0,2,24.0,791,12,1
25,Single,Merchant,1,1,7,81.16098952232673,879,5,1
24,Widowed,Farmer,0,1,7,63.4372552826218,645,4,1
65,Widowed,Homemaker,1,1,5,17.0,782,10,1
35,Widowed,Midwife,1,0,1,47.0,921,14,1
39,Widowed,Merchant,1,0,1,62.0,919,15,1
50,Married,Merchant,1,1,6,71.31182684864328,785,8,1
27,Married,Homemaker,1,0,6,79.44897625147738,613,4,1
65,Widowed,Farmer,0,1,3,28.0,870,7,1
54,Widowed,Homemaker,0,1,3,72.0,790,6,1
55,Widowed,Homemaker,0,0,1,84.0,1075,5,1
28,Married,Farmer,0,0,8,46.41992389740089,1179,13,1
42,Married,Homemaker,0,0,3,6.0,988,13,1
76,Single,Farmer,0,0,4,9.0,1201,1,1
44,Single,Farmer,1,1,1,42.0,1230,1,1
32,Married,Homemaker,1,1,6,51.13059835314324,718,3,1
66,Widowed,Merchant,0,1,0,33.0,1106,1,1
32,Single,Midwife,0,0,5,68.0,1094,0,1
35,Married,Merchant,1,1,1,15.0,1168,7,1
70,Married,Midwife,0,0,0,53.0,923,0,1
55,Widowed,Homemaker,1,0,5,57.0,1161,7,1
39,Widowed,Farmer,1,1,3,83.0,839,1,1
18,Married,Homemaker,0,0,8,102.4945759523039,822,2,1
19,Widowed,Merchant,1,0,5,94.0,943,2,1
53,Married,Farmer,1,1,1,29.0,1041,4,1
49,Married,Midwife,1,0,7,94.13836206693159,961,14,1
50,Widowed,Midwife,0,1,8,113.38796529587435,829,1,1
74,Widowed,Homemaker,1,1,3,53.0,1009,1,1
47,Widowed,Farmer,0,0,6,103.69513986431625,1068,12,1
27,Single,Homemaker,1,1,4,22.0,766,1,1
63,Single,Homemaker,0,1,9,133.51850794490576,962,8,1
32,Widowed,Farmer,1,0,6,134.11212233829264,727,10,1
80,Widowed,Farmer,1,0,8,54.155753591815355,1055,19,1
52,Widowed,Midwife,1,1,4,52.0,834,8,1
77,Single,Midwife,1,1,2,70.0,540,1,1
47,Married,Homemaker,0,1,6,141.56787166457312,1187,5,1
61,Single,Midwife,1,1,0,46.0,711,4,1
39,Married,Homemaker,1,1,2,69.0,911,0,1
21,Single,Homemaker,0,1,1,66.0,702,0,1
20,Widowed,Homemaker,1,1,5,57.0,900,2,1
29,Widowed,Farmer,1,0,8,94.35806380358142,907,16,1
78,Single,Merchant,0,0,7,105.4717565871251,1141,11,1
77,Widowed,Farmer,0,1,4,87.0,984,4,1
57,Single,Homemaker,1,1,8,59.838883941944935,1014,4,1
26,Single,Midwife,1,1,2,53.0,979,3,1
32,Married,Merchant,0,0,8,53.00517654427271,653,0,1
54,Single,Midwife,0,1,8,81.94053041870879,1002,11,1
52,Single,Farmer,0,0,5,70.0,1027,17,1
54,Single,Merchant,0,0,3,84.0,779,1,1
41,Widowed,Merchant,0,1,2,98.0,715,8,1
64,Single,Farmer,0,1,6,67.80650838027172,1160,2,1
77,Single,Midwife,0,1,6,117.17509344598032,552,6,1
68,Widowed,Merchant,1,1,7,78.97711392505248,479,11,1
44,Single,Farmer,1,1,5,2.0,736,11,1
56,Married,Midwife,0,0,3,85.0,642,14,1
60,Single,Homemaker,0,0,3,18.0,796,11,1
50,Single,Merchant,0,1,7,113.94109009002281,1078,8,1
47,Single,Midwife,1,0,1,26.0,1014,16,1
51,Single,Homemaker,1,1,0,54.0,753,11,1
56,Widowed,Farmer,0,0,2,86.0,929,20,1
54,Single,Midwife,1,1,9,38.646913004947734,909,2,1
79,Single,Homemaker,0,1,8,89.40419935748055,1077,2,1
65,Widowed,Farmer,0,0,4,54.0,1000,17,1
43,Single,Farmer,1,1,1,18.0,1005,9,1
27,Widowed,Midwife,1,0,9,131.4335353924792,1033,9,1
27,Widowed,Midwife,1,1,8,63.55782475166218,1320,10,1
61,Widowed,Farmer,0,1,0,95.0,1110,0,1
18,Widowed,Homemaker,1,1,6,100.6311013256081,1064,10,1
66,Single,Farmer,1,1,2,89.0,1466,10,1
76,Widowed,Homemaker,1,1,5,42.0,879,3,1
48,Married,Farmer,0,1,9,109.03279788833154,936,8,1
38,Single,Midwife,1,0,3,41.0,909,8,1
47,Single,Farmer,0,0,3,10.0,854,12,1
46,Married,Midwife,0,0,7,64.04254914200826,1135,5,1
68,Single,Merchant,0,1,1,70.0,991,11,1
18,Married,Farmer,0,1,6,121.62835786953656,857,4,1
23,Widowed,Merchant,1,1,8,59.20653431649233,637,3,1
53,Widowed,Midwife,0,1,7,74.4595132676266,1232,10,1
24,Married,Merchant,1,1,8,81.75569751073371,793,7,1
52,Single,Farmer,0,0,1,84.0,1042,13,1
29,Single,Merchant,0,1,3,85.0,987,7,1
52,Widowed,Farmer,0,0,3,52.0,888,12,1
73,Widowed,Homemaker,0,1,8,97.76798733779277,762,0,1
79,Single,Midwife,1,1,5,89.0,488,11,1
63,Single,Midwife,1,1,0,35.0,944,8,1
70,Widowed,Midwife,0,0,3,74.0,1240,20,1
72,Widowed,Homemaker,0,0,8,30.54784526760729,658,16,1
45,Single,Midwife,1,0,4,58.0,587,11,1
75,Married,Homemaker,0,0,8,51.20208670386935,1033,12,1
24,Married,Homemaker,1,0,7,95.11681833386065,1046,14,1
37,Single,Homemaker,0,1,3,35.0,1144,7,1
19,Widowed,Midwife,0,1,2,56.0,1293,4,1
54,Married,Merchant,1,1,0,50.0,1090,2,1
77,Single,Midwife,1,1,1,24.0,1121,3,1
19,Widowed,Merchant,0,1,3,4.0,800,4,1
71,Married,Farmer,1,0,4,49.0,989,8,1
18,Single,Farmer,0,1,0,39.0,989,11,1
51,Widowed,Farmer,0,1,8,89.93339206190619,1347,8,1
39,Widowed,Merchant,1,0,4,96.0,1066,18,1
60,Widowed,Merchant,1,0,0,64.0,896,7,1
59,Married,Farmer,1,0,4,63.0,964,2,1
22,Married,Midwife,1,0,2,23.0,966,10,1
79,Single,Farmer,0,0,1,42.0,1028,13,1
24,Married,Farmer,0,1,0,20.0,750,1,1
22,Married,Farmer,0,0,7,50.06764772053058,788,10,1
55,Widowed,Homemaker,0,0,3,5.0,1027,18,1
35,Married,Merchant,1,1,6,125.74510503945024,883,4,1
36,Single,Homemaker,0,1,4,34.0,1015,11,1
29,Widowed,Farmer,1,0,4,66.0,1018,7,1
60,Widowed,Homemaker,1,0,0,93.0,720,4,1
56,Widowed,Homemaker,1,0,4,30.0,969,16,1
21,Widowed,Homemaker,1,0,6,115.3508439080274,731,2,1
21,Widowed,Farmer,1,1,8,119.03992281433399,960,3,1
22,Widowed,Farmer,1,0,9,124.72414652424399,897,14,1
19,Widowed,Farmer,1,1,3,59.0,957,3,1
18,Widowed,Midwife,1,1,9,120.67697273461327,919,0,1
21,Widowed,Midwife,1,1,3,81.0,1139,9,1
57,Widowed,Farmer,1,0,9,60.80194446993819,811,8,1
69,Married,Homemaker,1,0,5,9.0,772,0,1
33,Single,Homemaker,0,0,9,108.38722819278804,772,13,1
30,Widowed,Homemaker,1,1,7,94.5881391936693,734,10,1
57,Widowed,Farmer,1,0,7,49.86257891206709,1143,3,1
53,Widowed,Merchant,1,0,3,69.0,455,5,1
64,Widowed,Farmer,0,1,5,87.0,1065,6,1
46,Single,Homemaker,1,0,2,54.0,720,18,1
21,Widowed,Farmer,0,1,2,8.0,1078,9,1
50,Single,Farmer,0,0,8,83.47458542982437,622,12,1
30,Widowed,Farmer,0,0,0,92.0,1158,7,1
62,Widowed,Midwife,0,1,7,76.52134675007346,1361,9,1
38,Widowed,Midwife,1,1,8,70.64832370724851,1033,2,1
41,Widowed,Merchant,0,0,4,22.0,1031,8,1
32,Married,Farmer,0,1,7,107.06911745467136,1066,1,1
66,Married,Midwife,0,1,4,64.0,842,9,1
80,Single,Homemaker,1,0,0,44.0,1012,17,1
30,Married,Homemaker,0,0,5,75.0,1154,15,1
23,Married,Merchant,0,1,1,1.0,1078,3,1
33,Widowed,Farmer,0,0,0,95.0,868,2,1
24,Married,Farmer,1,1,0,86.0,673,3,1
26,Married,Farmer,1,0,0,91.0,973,18,1
59,Married,Farmer,1,1,7,56.02526310502415,652,8,1
39,Single,Midwife,1,0,0,51.0,706,9,1
57,Widowed,Midwife,0,0,2,22.0,1017,12,1
74,Widowed,Farmer,1,1,1,86.0,923,10,1
48,Married,Homemaker,1,1,1,53.0,1072,8,1
55,Widowed,Merchant,1,1,5,72.0,874,4,1
65,Married,Homemaker,1,0,2,48.0,855,12,1
23,Widowed,Farmer,1,0,6,29.890871758650896,817,7,1
29,Single,Farmer,0,1,3,2.0,1202,6,1
24,Single,Farmer,0,1,7,111.90012552234595,1150,2,1
43,Widowed,Midwife,0,1,3,6.0,1227,11,1
68,Married,Merchant,1,1,3,75.0,787,7,1
45,Widowed,Homemaker,0,1,3,91.0,1102,9,1
18,Single,Merchant,0,1,8,100.91725773388488,1308,6,1
55,Married,Homemaker,1,0,0,96.0,1150,3,1
57,Married,Farmer,0,0,4,82.0,713,14,1
34,Single,Merchant,1,1,8,125.78331248063365,948,9,1
58,Married,Merchant,0,1,6,62.55812683839325,1109,1,1
59,Single,Farmer,1,0,6,71.8463422212206,696,4,1
41,Single,Midwife,1,0,9,60.25360903758727,1038,18,1
61,Married,Homemaker,0,0,0,91.0,908,3,1
65,Widowed,Midwife,1,0,1,54.0,563,11,1
55,Married,Farmer,0,0,0,8.0,884,20,1
32,Widowed,Farmer,0,0,7,89.72122942579585,650,14,1
41,Single,Merchant,0,0,0,76.0,516,5,1
39,Married,Midwife,1,0,8,88.44548896697178,645,7,1
71,Widowed,Homemaker,0,0,5,78.0,896,12,1
43,Single,Midwife,1,1,5,10.0,1081,6,1
45,Widowed,Homemaker,0,0,2,73.0,1282,6,1
71,Single,Farmer,0,0,1,43.0,1146,18,1
64,Single,Homemaker,0,0,7,90.19103789947887,859,16,1
29,Married,Midwife,1,0,6,115.64471374462973,1091,16,1
40,Single,Farmer,0,0,3,51.0,940,7,1
28,Widowed,Merchant,0,0,9,143.6335975363798,943,7,1
68,Married,Midwife,0,0,6,123.34721137569173,1024,19,1
25,Single,Merchant,1,1,7,57.227844880876205,850,4,1
45,Married,Homemaker,1,0,3,63.0,776,9,1
72,Married,Midwife,1,1,7,43.278961047125094,697,5,1
44,Married,Merchant,0,1,9,121.92968437692639,1131,3,1
37,Widowed,Merchant,1,1,7,69.92209620429111,926,9,1
52,Widowed,Farmer,0,0,1,50.0,1024,18,1
67,Widowed,Merchant,1,0,2,28.0,612,14,1
27,Single,Farmer,1,0,3,71.0,1002,17,1
78,Married,Farmer,1,0,0,31.0,909,7,1
32,Widowed,Homemaker,1,1,6,119.71383881857612,973,4,1
32,Widowed,Midwife,1,0,6,52.67208606683147,922,17,1
24,Widowed,Farmer,1,0,4,65.0,920,1,1
37,Single,Midwife,1,1,7,49.47432277278476,992,8,1
64,Single,Homemaker,0,0,7,70.71706630917502,1036,3,1
31,Widowed,Farmer,0,1,3,2.0,696,3,1
18,Widowed,Merchant,1,1,8,127.35485632008586,1045,3,1
25,Single,Farmer,1,1,6,59.655269502465444,1097,9,1
33,Married,Midwife,1,0,7,44.21016041374089,803,15,1
31,Married,Midwife,0,1,8,104.23412511678984,784,0,1
38,Single,Merchant,1,0,4,0.0,947,0,1
43,Single,Farmer,1,1,9,98.33633213350322,925,10,1
47,Married,Homemaker,0,0,3,30.0,858,6,1
63,Married,Homemaker,0,0,2,100.0,884,7,1
67,Widowed,Midwife,1,0,8,127.60822384693824,1157,18,1
44,Single,Midwife,1,0,5,94.0,1033,1,1
64,Widowed,Merchant,0,1,9,98.80624176448646,1124,5,1
55,Married,Homemaker,0,1,3,83.0,1060,10,1
40,Married,Farmer,1,1,3,52.0,1114,5,1
41,Married,Homemaker,1,1,8,60.33861311476044,1331,2,1
51,Single,Homemaker,1,1,9,63.971739043205744,432,11,1
32,Married,Merchant,1,0,4,91.0,823,14,1
42,Married,Homemaker,0,1,9,144.15330363288152,729,2,1
23,Married,Farmer,1,1,1,96.0,931,1,1
34,Single,Farmer,1,0,8,84.3883678332237,817,4,1
64,Married,Homemaker,1,1,6,56.3335940761809,1364,3,1
69,Widowed,Merchant,1,0,3,40.0,1093,19,1
80,Widowed,Merchant,0,1,1,26.0,771,8,1
18,Single,Merchant,0,0,4,82.0,1178,14,1
35,Single,Merchant,0,1,1,34.0,1061,8,1
77,Widowed,Midwife,0,0,5,42.0,1032,15,1
32,Widowed,Farmer,1,0,2,64.0,421,1,1
32,Single,Merchant,1,0,6,51.443302578067474,536,6,1
57,Widowed,Midwife,1,0,8,130.7958090855674,1018,10,1
20,Married,Merchant,1,0,6,75.83991797887442,692,16,1
53,Widowed,Homemaker,0,0,1,10.0,1249,17,1
50,Widowed,Homemaker,0,0,1,65.0,1138,15,1
19,Widowed,Homemaker,1,0,8,60.97740150395708,746,2,1
29,Single,Homemaker,1,0,8,87.70010023590363,843,16,1
45,Single,Merchant,0,0,2,99.0,931,20,1
64,Married,Farmer,1,0,9,98.76050442681607,755,13,1
50,Widowed,Merchant,1,1,2,68.0,810,10,1
48,Widowed,Midwife,1,1,5,82.0,1164,0,1
33,Single,Midwife,0,0,9,80.23619218855646,1209,12,1
67,Widowed,Merchant,0,0,5,85.0,1049,6,1
24,Single,Midwife,0,1,3,91.0,737,0,1
36,Widowed,Midwife,0,1,9,48.473605956312966,760,2,1
62,Widowed,Merchant,1,1,2,93.0,898,9,1
18,Single,Farmer,1,1,4,38.0,914,5,1
64,Single,Midwife,1,0,0,50.0,903,9,1
66,Single,Homemaker,0,0,9,72.69601339392563,1059,20,1
43,Widowed,Midwife,0,0,0,92.0,492,0,1
27,Single,Homemaker,1,1,9,59.61261779354339,1176,1,1
77,Married,Merchant,1,1,3,6.0,1262,0,1
59,Married,Midwife,1,1,9,42.50985023087349,726,5,1
65,Widowed,Farmer,0,0,7,140.85760009697518,825,2,1
38,Single,Homemaker,0,0,1,5.0,915,20,1
21,Widowed,Homemaker,0,1,6,76.64677856050605,1261,8,1
46,Married,Farmer,0,1,6,106.6015382075354,1159,6,1
44,Married,Midwife,1,0,9,112.35741327524204,698,7,1
42,Widowed,Midwife,0,1,6,62.13943898107888,793,2,1
36,Married,Homemaker,1,0,2,3.0,910,12,1
45,Single,Homemaker,1,1,0,53.0,883,1,1
46,Single,Farmer,0,1,7,122.35633348137878,1383,1,1
43,Married,Farmer,1,0,7,96.83287508145045,730,18,1
63,Widowed,Merchant,1,1,4,87.0,1020,6,1
77,Married,Midwife,0,1,8,87.38532394689105,1064,6,1
76,Widowed,Merchant,0,0,0,99.0,948,1,1
73,Widowed,Farmer,1,1,9,72.34809871079742,1181,9,1
79,Single,Homemaker,0,0,9,81.92075367503708,1167,14,1
18,Married,Midwife,1,1,5,9.0,954,3,1
45,Widowed,Farmer,0,1,1,41.0,836,4,1
47,Widowed,Homemaker,0,1,5,23.0,586,3,1
76,Single,Farmer,0,0,6,109.50516757290575,1301,17,1
45,Married,Midwife,1,1,8,66.84044540412884,589,8,1
54,Widowed,Midwife,0,0,8,85.92772380024678,1259,4,1
75,Single,Merchant,1,0,0,92.0,874,6,1
49,Married,Merchant,1,1,0,23.0,1100,9,1
68,Married,Merchant,1,1,7,103.35743492779449,855,5,1
35,Married,Farmer,0,0,5,39.0,1177,12,1
77,Single,Midwife,0,0,7,79.38811360915277,983,19,1
18,Widowed,Merchant,1,0,0,65.0,1280,2,1
43,Single,Merchant,0,0,2,91.0,1055,0,1
32,Widowed,Farmer,1,0,3,37.0,896,15,1
21,Married,Merchant,1,0,2,46.0,757,6,1
42,Widowed,Midwife,1,0,3,17.0,996,9,1
22,Single,Farmer,0,1,8,122.29463490895006,898,4,1
29,Married,Merchant,0,1,1,44.0,1018,3,1
39,Married,Midwife,1,1,9,99.04257503280701,625,9,1
28,Married,Merchant,1,1,8,91.06893347180208,950,0,1
58,Married,Farmer,0,1,6,64.30563502870058,1171,8,1
74,Widowed,Farmer,1,0,3,43.0,1134,15,1
66,Widowed,Farmer,1,1,3,10.0,859,8,1
79,Single,Midwife,0,0,0,83.0,905,6,1
58,Single,Merchant,1,0,5,31.0,985,9,1
48,Single,Homemaker,1,0,3,32.0,1081,14,1
37,Single,Farmer,1,1,7,110.91530862900689,1049,8,1
46,Widowed,Farmer,0,0,9,34.516145190831345,1092,17,1
50,Single,Homemaker,0,1,4,83.0,941,4,1
43,Widowed,Farmer,1,1,9,79.44912564926335,1066,0,1
43,Single,Merchant,0,1,0,58.0,832,6,1
38,Widowed,Farmer,1,0,6,38.38165300915267,1227,17,1
19,Widowed,Farmer,0,0,4,58.0,1235,17,1
74,Single,Merchant,1,0,8,144.9328883982447,916,2,1
34,Married,Farmer,1,1,8,83.75140304166148,917,3,1
52,Married,Merchant,1,0,5,59.0,781,1,1
75,Single,Merchant,1,0,5,80.0,1038,4,1
27,Married,Merchant,1,1,8,62.769345648794825,1057,1,1
27,Married,Midwife,0,1,8,93.42048852470487,772,2,1
65,Widowed,Farmer,0,0,6,55.03362559139689,857,16,1
18,Single,Merchant,0,0,6,53.764375040033606,862,13,1
22,Widowed,Merchant,1,1,6,34.15720082502072,1167,1,1
18,Single,Farmer,1,0,2,72.0,582,14,1
28,Married,Farmer,0,1,1,96.0,1027,11,1
68,Widowed,Homemaker,1,0,5,28.0,675,10,1
21,Widowed,Merchant,1,0,0,73.0,988,0,1
41,Married,Homemaker,1,1,6,42.02902833267228,695,3,1
34,Single,Midwife,1,0,9,101.06054244502886,1076,0,1
56,Married,Homemaker,1,1,9,65.62953638227643,998,6,1
52,Married,Midwife,0,0,4,6.0,834,18,1
79,Widowed,Midwife,0,1,4,26.0,805,11,1
63,Single,Merchant,0,0,3,37.0,1150,15,1
55,Widowed,Farmer,0,0,8,77.44425571905987,1250,8,1
30,Single,Merchant,1,1,0,64.0,707,5,1
57,Single,Farmer,0,0,1,41.0,1040,17,1
72,Single,Merchant,1,1,3,48.0,545,8,1
36,Single,Midwife,0,1,9,84.33070574519088,937,8,1
55,Single,Merchant,0,1,4,1.0,1338,0,1
20,Single,Farmer,1,0,3,96.0,1079,13,1
75,Single,Midwife,0,1,0,56.0,586,8,1
33,Widowed,Merchant,0,0,8,61.563245283363315,1003,12,1
44,Widowed,Merchant,1,1,9,122.26192667702898,1162,7,1
72,Married,Homemaker,0,0,0,46.0,1266,17,1
77,Married,Homemaker,1,1,1,55.0,1005,5,1
40,Single,Merchant,0,0,6,124.10208373665081,891,12,1
24,Widowed,Midwife,1,1,9,43.474829785420226,761,11,1
30,Single,Homemaker,1,0,7,60.689414429848966,1125,17,1
62,Single,Farmer,1,1,6,94.67479308646095,955,0,1
30,Widowed,Homemaker,1,1,8,61.11608339983206,812,10,1
68,Widowed,Midwife,1,0,4,27.0,1042,14,1
66,Widowed,Farmer,0,0,7,100.96934505528554,880,7,1
70,Widowed,Homemaker,0,0,1,90.0,892,7,1
50,Widowed,Merchant,0,1,1,99.0,1314,0,1
19,Married,Midwife,0,1,4,24.0,879,2,1
19,Widowed,Farmer,0,1,2,55.0,1055,5,1
30,Married,Homemaker,1,0,7,98.90967474220446,1330,5,1
36,Widowed,Homemaker,1,0,2,1.0,1167,18,1
29,Widowed,Farmer,1,0,5,46.0,636,17,1
57,Married,Farmer,0,0,6,72.90729897615915,596,6,1
45,Married,Merchant,1,1,7,41.78405160609188,1169,9,1
25,Married,Farmer,0,1,3,81.0,1053,3,1
71,Married,Midwife,1,1,7,124.36590070592621,1005,2,1
76,Married,Merchant,0,0,7,130.22571593359336,983,14,1
35,Married,Merchant,0,0,0,52.0,793,18,1
75,Single,Homemaker,1,0,9,80.89300508042979,1063,17,1
63,Single,Homemaker,1,1,1,56.0,1111,0,1
41,Widowed,Homemaker,0,0,2,96.0,1137,9,1
70,Widowed,Homemaker,1,1,2,83.0,552,8,1
31,Single,Merchant,1,1,0,3.0,930,2,1
80,Widowed,Midwife,1,0,6,61.189592430489135,880,2,1
40,Married,Homemaker,1,1,6,117.50705857335316,1117,3,1
58,Married,Homemaker,1,1,9,131.43705927459402,554,2,1
74,Single,Merchant,0,1,1,89.0,1054,3,1
75,Married,Midwife,0,1,7,116.92328821708718,863,5,1
48,Single,Homemaker,0,0,8,122.32318034402834,726,13,1
68,Single,Homemaker,0,1,1,14.0,1305,1,1
45,Single,Merchant,1,1,9,72.271907354089,882,2,1
26,Widowed,Merchant,1,0,8,41.16376848146477,1006,20,1
69,Widowed,Merchant,1,0,7,111.30158687574902,1074,2,1
63,Single,Merchant,0,0,2,8.0,1246,0,1
58,Single,Farmer,1,1,4,14.0,810,4,1
73,Single,Homemaker,0,0,1,99.0,1141,0,1
52,Single,Farmer,1,1,1,1.0,1067,11,1
53,Widowed,Midwife,0,0,7,82.23888490859095,1487,2,1
51,Married,Midwife,1,0,4,37.0,835,18,1
40,Widowed,Farmer,0,0,6,115.55276886115318,1007,15,1
26,Widowed,Merchant,1,0,6,58.616068497790465,1170,12,1
32,Single,Farmer,0,1,6,119.33604728700723,775,4,1
